ログ番号,ログ明細,ログ種類(家具）,日時,シーン種類,センサー値0setup,8/10 15:49:8,curtain,NO
0setup,8/10 15:49:8,curtain,NO
0setup,8/10 15:49:8,curtain,NO
0setup,8/10 15:49:8,curtain,NO
0setup,8/10 15:49:8,curtain,NO
0setup,8/10 15:49:8,curtain,NO
0setup,8/10 15:49:9,curtain,NO
0setup,8/10 15:49:9,curtain,NO
0setup,8/10 15:49:9,curtain,NO
0setup,8/10 15:49:9,curtain,NO
0setup,8/10 15:49:9,curtain,NO
0setup,8/10 15:49:9,curtain,NO
0setup,8/10 15:49:9,curtain,NO
0setup,8/10 15:49:9,curtain,NO
0setup,8/10 15:49:9,curtain,NO
0setup,8/10 15:49:9,curtain,NO
0setup,8/10 15:49:9,curtain,NO
0setup,8/10 15:49:9,curtain,NO
0setup,8/10 15:49:9,curtain,NO
0setup,8/10 15:49:9,curtain,NO
0setup,8/10 15:49:9,curtain,NO
0setup,8/10 15:49:9,curtain,NO
0setup,8/10 15:49:9,curtain,NO
0setup,8/10 15:49:9,curtain,NO
0setup,8/10 15:49:9,curtain,NO
0setup,8/10 15:49:9,curtain,NO
0setup,8/10 15:49:9,curtain,NO
0setup,8/10 15:49:9,curtain,NO
0setup,8/10 15:49:9,curtain,NO
0setup,8/10 15:49:9,curtain,NO
0setup,8/10 15:49:9,curtain,NO
0setup,8/10 15:49:9,curtain,NO
0setup,8/10 15:49:9,curtain,NO
0setup,8/10 15:49:9,curtain,NO
0setup,8/10 15:49:9,curtain,NO
0setup,8/10 15:49:9,curtain,NO
0setup,8/10 15:49:9,curtain,NO
0setup,8/10 15:49:9,curtain,NO
0setup,8/10 15:49:9,curtain,NO
0setup,8/10 15:49:9,curtain,NO
0setup,8/10 15:49:9,curtain,NO
0setup,8/10 15:49:9,curtain,NO
0setup,8/10 15:49:9,curtain,NO
0setup,8/10 15:49:9,curtain,NO
0setup,8/10 15:49:9,curtain,NO
0setup,8/10 15:49:9,curtain,NO
0setup,8/10 15:49:9,curtain,NO
0setup,8/10 15:49:9,curtain,NO
0setup,8/10 15:49:9,curtain,NO
0setup,8/10 15:49:9,curtain,NO
0setup,8/10 15:49:9,curtain,NO
0setup,8/10 15:49:9,curtain,NO
0setup,8/10 15:49:9,curtain,NO
0setup,8/10 15:49:9,curtain,NO
0setup,8/10 15:49:9,curtain,NO
0setup,8/10 15:49:9,curtain,NO
0setup,8/10 15:49:9,curtain,NO
0setup,8/10 15:49:9,curtain,NO
0setup,8/10 15:49:9,curtain,NO
0setup,8/10 15:49:9,curtain,NO
0setup,8/10 15:49:9,curtain,NO
0setup,8/10 15:49:9,curtain,NO
0setup,8/10 15:49:9,curtain,NO
0setup,8/10 15:49:9,curtain,NO
0setup,8/10 15:49:10,curtain,NO
0setup,8/10 15:49:10,curtain,NO
0setup,8/10 15:49:10,curtain,NO
0setup,8/10 15:49:10,curtain,NO
0setup,8/10 15:49:10,curtain,NO
0setup,8/10 15:49:10,curtain,NO
0setup,8/10 15:49:10,curtain,NO
0setup,8/10 15:49:10,curtain,NO
0setup,8/10 15:49:10,curtain,NO
0setup,8/10 15:49:10,curtain,NO
0setup,8/10 15:49:10,curtain,NO
0setup,8/10 15:49:10,curtain,NO
0setup,8/10 15:49:10,curtain,NO
0setup,8/10 15:49:10,curtain,NO
0setup,8/10 15:49:10,curtain,NO
0setup,8/10 15:49:10,curtain,NO
0setup,8/10 15:49:10,curtain,NO
0setup,8/10 15:49:10,curtain,NO
0setup,8/10 15:49:10,curtain,NO
0setup,8/10 15:49:10,curtain,NO
0setup,8/10 15:49:10,curtain,NO
0setup,8/10 15:49:10,curtain,NO
0setup,8/10 15:49:10,curtain,NO
0setup,8/10 15:49:10,curtain,NO
0setup,8/10 15:49:10,curtain,NO
0setup,8/10 15:49:10,curtain,NO
0setup,8/10 15:49:10,curtain,NO
0setup,8/10 15:49:10,curtain,NO
0setup,8/10 15:49:10,curtain,NO
0setup,8/10 15:49:10,curtain,NO
0setup,8/10 15:49:10,curtain,NO
0setup,8/10 15:49:10,curtain,NO
0setup,8/10 15:49:10,curtain,NO
0setup,8/10 15:49:10,curtain,NO
0setup,8/10 15:49:10,curtain,NO
0setup,8/10 15:49:10,curtain,NO
0setup,8/10 15:49:10,curtain,NO
0setup,8/10 15:49:10,curtain,NO
0setup,8/10 15:49:10,curtain,NO
0setup,8/10 15:49:10,curtain,NO
0setup,8/10 15:49:10,curtain,NO
0setup,8/10 15:49:10,curtain,NO
0setup,8/10 15:49:10,curtain,NO
0setup,8/10 15:49:10,curtain,NO
0setup,8/10 15:49:10,curtain,NO
0setup,8/10 15:49:10,curtain,NO
0setup,8/10 15:49:10,curtain,NO
0setup,8/10 15:49:10,curtain,NO
0setup,8/10 15:49:10,curtain,NO
0setup,8/10 15:49:10,curtain,NO
0setup,8/10 15:49:10,curtain,NO
0setup,8/10 15:49:10,curtain,NO
0setup,8/10 15:49:10,curtain,NO
0setup,8/10 15:49:10,curtain,NO
0setup,8/10 15:49:10,curtain,NO
0setup,8/10 15:49:10,curtain,NO
0setup,8/10 15:49:10,curtain,NO
0setup,8/10 15:49:10,curtain,NO
0setup,8/10 15:49:10,curtain,NO
0setup,8/10 15:49:10,curtain,NO
0setup,8/10 15:49:11,curtain,NO
0setup,8/10 15:49:11,curtain,NO
0setup,8/10 15:49:11,curtain,NO
0setup,8/10 15:49:11,curtain,NO
0setup,8/10 15:49:11,curtain,NO
0setup,8/10 15:49:11,curtain,NO
0setup,8/10 15:49:11,curtain,NO
0setup,8/10 15:49:11,curtain,NO
0setup,8/10 15:49:11,curtain,NO
0setup,8/10 15:49:11,curtain,NO
0setup,8/10 15:49:11,curtain,NO
0setup,8/10 15:49:11,curtain,NO
0setup,8/10 15:49:11,curtain,NO
0setup,8/10 15:49:11,curtain,NO
0setup,8/10 15:49:11,curtain,NO
0setup,8/10 15:49:11,curtain,NO
0setup,8/10 15:49:11,curtain,NO
0setup,8/10 15:49:11,curtain,NO
0setup,8/10 15:49:11,curtain,NO
0setup,8/10 15:49:11,curtain,NO
0setup,8/10 15:49:11,curtain,NO
0setup,8/10 15:49:11,curtain,NO
0setup,8/10 15:49:11,curtain,NO
0setup,8/10 15:49:11,curtain,NO
0setup,8/10 15:49:11,curtain,NO
0setup,8/10 15:49:11,curtain,NO
0setup,8/10 15:49:11,curtain,NO
0setup,8/10 15:49:11,curtain,NO
0setup,8/10 15:49:11,curtain,NO
0setup,8/10 15:49:11,curtain,NO
0setup,8/10 15:49:11,curtain,NO
0setup,8/10 15:49:11,curtain,NO
0setup,8/10 15:49:11,curtain,NO
0setup,8/10 15:49:11,curtain,NO
0setup,8/10 15:49:11,curtain,NO
0setup,8/10 15:49:11,curtain,NO
0setup,8/10 15:49:11,curtain,NO
0setup,8/10 15:49:11,curtain,NO
0setup,8/10 15:49:11,curtain,NO
0setup,8/10 15:49:11,curtain,NO
0setup,8/10 15:49:11,curtain,NO
0setup,8/10 15:49:11,curtain,NO
0setup,8/10 15:49:11,curtain,NO
0setup,8/10 15:49:11,curtain,NO
0setup,8/10 15:49:11,curtain,NO
0setup,8/10 15:49:11,curtain,NO
0setup,8/10 15:49:11,curtain,NO
0setup,8/10 15:49:11,curtain,NO
0setup,8/10 15:49:11,curtain,NO
0setup,8/10 15:49:11,curtain,NO
0setup,8/10 15:49:11,curtain,NO
0setup,8/10 15:49:11,curtain,NO
0setup,8/10 15:49:11,curtain,NO
0setup,8/10 15:49:11,curtain,NO
0setup,8/10 15:49:11,curtain,NO
0setup,8/10 15:49:11,curtain,NO
0setup,8/10 15:49:11,curtain,NO
0setup,8/10 15:49:11,curtain,NO
0setup,8/10 15:49:12,curtain,NO
0setup,8/10 15:49:12,curtain,NO
0setup,8/10 15:49:12,curtain,NO
0setup,8/10 15:49:12,curtain,NO
0setup,8/10 15:49:12,curtain,NO
0setup,8/10 15:49:12,curtain,NO
0setup,8/10 15:49:12,curtain,NO
0setup,8/10 15:49:12,curtain,NO
0setup,8/10 15:49:12,curtain,NO
0setup,8/10 15:49:12,curtain,NO
0setup,8/10 15:49:12,curtain,NO
0setup,8/10 15:49:12,curtain,NO
0setup,8/10 15:49:12,curtain,NO
0setup,8/10 15:49:12,curtain,NO
0setup,8/10 15:49:12,curtain,NO
0setup,8/10 15:49:12,curtain,NO
0setup,8/10 15:49:12,curtain,NO
0setup,8/10 15:49:12,curtain,NO
0setup,8/10 15:49:12,curtain,NO
0setup,8/10 15:49:12,curtain,NO
0setup,8/10 15:49:12,curtain,NO
0setup,8/10 15:49:12,curtain,NO
0setup,8/10 15:49:12,curtain,NO
0setup,8/10 15:49:12,curtain,NO
0setup,8/10 15:49:12,curtain,NO
0setup,8/10 15:49:12,curtain,NO
0setup,8/10 15:49:12,curtain,NO
0setup,8/10 15:49:12,curtain,NO
0setup,8/10 15:49:12,curtain,NO
0setup,8/10 15:49:12,curtain,NO
0setup,8/10 15:49:12,curtain,NO
0setup,8/10 15:51:7,curtain,NO
0setup,8/10 15:51:7,curtain,NO
0setup,8/10 15:51:7,curtain,NO
0setup,8/10 15:51:7,curtain,NO
0setup,8/10 15:51:7,curtain,NO
0setup,8/10 15:51:7,curtain,NO
0setup,8/10 15:51:7,curtain,NO
0setup,8/10 15:51:7,curtain,NO
0setup,8/10 15:51:7,curtain,NO
0setup,8/10 15:51:7,curtain,NO
0setup,8/10 15:51:7,curtain,NO
0setup,8/10 15:51:7,curtain,NO
0setup,8/10 15:51:7,curtain,NO
0setup,8/10 15:51:8,curtain,NO
0setup,8/10 15:51:8,curtain,NO
0setup,8/10 15:51:8,curtain,NO
0setup,8/10 15:51:8,curtain,NO
0setup,8/10 15:51:8,curtain,NO
0setup,8/10 15:51:8,curtain,NO
0setup,8/10 15:51:8,curtain,NO
0setup,8/10 15:51:8,curtain,NO
0setup,8/10 15:51:8,curtain,NO
0setup,8/10 15:51:8,curtain,NO
0setup,8/10 15:51:8,curtain,NO
0setup,8/10 15:51:8,curtain,NO
0setup,8/10 15:51:8,curtain,NO
0setup,8/10 15:51:8,curtain,NO
0setup,8/10 15:51:8,curtain,NO
0setup,8/10 15:51:8,curtain,NO
0setup,8/10 15:51:8,curtain,NO
0setup,8/10 15:51:8,curtain,NO
0setup,8/10 15:51:8,curtain,NO
0setup,8/10 15:51:8,curtain,NO
0setup,8/10 15:51:8,curtain,NO
0setup,8/10 15:51:8,curtain,NO
0setup,8/10 15:51:8,curtain,NO
0setup,8/10 15:51:8,curtain,NO
0setup,8/10 15:51:8,curtain,NO
0setup,8/10 15:51:8,curtain,NO
0setup,8/10 15:51:8,curtain,NO
0setup,8/10 15:51:8,curtain,NO
0setup,8/10 15:51:8,curtain,NO
0setup,8/10 15:51:8,curtain,NO
0setup,8/10 15:51:8,curtain,NO
0setup,8/10 15:51:8,curtain,NO
0setup,8/10 15:51:8,curtain,NO
0setup,8/10 15:51:8,curtain,NO
0setup,8/10 15:51:8,curtain,NO
0setup,8/10 15:51:8,curtain,NO
0setup,8/10 15:51:8,curtain,NO
0setup,8/10 15:51:8,curtain,NO
0setup,8/10 15:51:8,curtain,NO
0setup,8/10 15:51:8,curtain,NO
0setup,8/10 15:51:8,curtain,NO
0setup,8/10 15:51:8,curtain,NO
0setup,8/10 15:51:8,curtain,NO
0setup,8/10 15:51:8,curtain,NO
0setup,8/10 15:51:8,curtain,NO
0setup,8/10 15:51:8,curtain,NO
0setup,8/10 15:51:8,curtain,NO
0setup,8/10 15:51:8,curtain,NO
0setup,8/10 15:51:8,curtain,NO
0setup,8/10 15:51:8,curtain,NO
0setup,8/10 15:51:8,curtain,NO
0setup,8/10 15:51:8,curtain,NO
0setup,8/10 15:51:8,curtain,NO
0setup,8/10 15:51:8,curtain,NO
0setup,8/10 15:51:8,curtain,NO
0setup,8/10 15:51:8,curtain,NO
0setup,8/10 15:51:8,curtain,NO
0setup,8/10 15:51:8,curtain,NO
0setup,8/10 15:51:8,curtain,NO
0setup,8/10 15:51:9,curtain,NO
0setup,8/10 15:51:9,curtain,NO
0setup,8/10 15:51:9,curtain,NO
0setup,8/10 15:51:9,curtain,NO
0setup,8/10 15:51:9,curtain,NO
0setup,8/10 15:51:9,curtain,NO
0setup,8/10 15:51:19,curtain,NO
0setup,8/10 15:51:19,curtain,NO
0setup,8/10 15:51:19,curtain,NO
0setup,8/10 15:51:19,curtain,NO
0setup,8/10 15:51:19,curtain,NO
0setup,8/10 15:51:19,curtain,NO
0setup,8/10 15:51:19,curtain,NO
0setup,8/10 15:51:19,curtain,NO
0setup,8/10 15:51:19,curtain,NO
0setup,8/10 15:51:19,curtain,NO
0setup,8/10 15:51:19,curtain,NO
0setup,8/10 15:51:19,curtain,NO
0setup,8/10 15:51:19,curtain,NO
0setup,8/10 15:51:19,curtain,NO
0setup,8/10 15:51:19,curtain,NO
0setup,8/10 15:51:19,curtain,NO
0setup,8/10 15:51:19,curtain,NO
0setup,8/10 15:51:19,curtain,NO
0setup,8/10 15:51:19,curtain,NO
0setup,8/10 15:51:19,curtain,NO
0setup,8/10 15:51:19,curtain,NO
0setup,8/10 15:51:19,curtain,NO
0setup,8/10 15:51:19,curtain,NO
0setup,8/10 15:51:19,curtain,NO
0setup,8/10 15:51:19,curtain,NO
0setup,8/10 15:51:19,curtain,NO
0setup,8/10 15:51:19,curtain,NO
0setup,8/10 15:51:19,curtain,NO
0setup,8/10 15:51:19,curtain,NO
0setup,8/10 15:51:19,curtain,NO
0setup,8/10 15:51:19,curtain,NO
0setup,8/10 15:51:20,curtain,NO
0setup,8/10 15:51:20,curtain,NO
0setup,8/10 15:51:20,curtain,NO
0setup,8/10 15:51:20,curtain,NO
0setup,8/10 15:51:20,curtain,NO
0setup,8/10 15:51:20,curtain,NO
0setup,8/10 15:51:20,curtain,NO
0setup,8/10 15:51:20,curtain,NO
0setup,8/10 15:51:20,curtain,NO
0setup,8/10 15:51:20,curtain,NO
0setup,8/10 15:51:20,curtain,NO
0setup,8/10 15:51:20,curtain,NO
0setup,8/10 15:51:20,curtain,NO
0setup,8/10 15:51:20,curtain,NO
0setup,8/10 15:51:20,curtain,NO
0setup,8/10 15:51:20,curtain,NO
0setup,8/10 15:51:20,curtain,NO
0setup,8/10 15:51:20,curtain,NO
0setup,8/10 15:51:20,curtain,NO
0setup,8/10 15:51:20,curtain,NO
0setup,8/10 15:51:20,curtain,NO
0setup,8/10 15:51:20,curtain,NO
0setup,8/10 15:51:20,curtain,NO
0setup,8/10 15:51:20,curtain,NO
0setup,8/10 15:51:20,curtain,NO
0setup,8/10 15:51:20,curtain,NO
0setup,8/10 15:51:20,curtain,NO
0setup,8/10 15:51:20,curtain,NO
0setup,8/10 15:51:20,curtain,NO
0setup,8/10 15:51:20,curtain,NO
0setup,8/10 15:51:20,curtain,NO
0setup,8/10 15:51:20,curtain,NO
0setup,8/10 15:51:20,curtain,NO
